Name,Link,Price
Greatest Working Quality Unisex Bikes Entertainment Sports Japanese Used Bicycles,https://www.alibaba.com/product-detail/Greatest-Working-Quality-Unisex-Bikes-Entertainment_11000018037826.html?s=p,$10.00-20.00
Stock High Quality 26 Inch Downhill Mountain Bike with Fat Tire OEM Full Suspension From China Factory Supply for Men,https://www.alibaba.com/product-detail/Stock-High-Quality-26-Inch-Downhill_1601350699191.html,$30.00-100.00
2025 NEW XC Cheap Adult MTB Bike 26 Suspension Fork 2025 NEW XC Cheap Adult Mountain Bikes Frame Tires Ordinary,https://www.alibaba.com/product-detail/2025-NEW-XC-Cheap-Adult-MTB_1601297114943.html,$19.00-35.00
Wholesale 21 Speed 20 26 27.5 Inch Folding Men Mtb Foldable Bicycle 26 Inch Mountain BikesBike Philippines Stock,https://www.alibaba.com/product-detail/Wholesale-21-Speed-20-26-27_1600377931442.html,$28.08-38.08
2024 New Senyi Newest 26 Full Suspension Carbon Mountain Bike 15 kg Full Suspension Bike Mountain Bike Frame Bicycle,https://www.alibaba.com/product-detail/2024-New-Senyi-Newest-26-Full_1601247097510.html,$26.00-128.90
26 Inch 21 Speed Variable Speed Beach Snow Bike Shock Sorption Disc Brake Mountain Widened Tire Bicycle Fatbike Off Road Bikes,https://www.alibaba.com/product-detail/26-Inch-21-Speed-Variable-Speed_1601289433533.html,$98.00
Good Quality 26 / 27.5 / 29 Inch Wheelie BMX Bike for Street with 3.0 Fat Tires,https://www.alibaba.com/product-detail/Good-Quality-26-27-5-29_1600849919343.html,$100.00
OEM Cool Adults 12 Speed Mountain Bike Full Suspension Cheap Price Downhill MTB Bicicleta Mountain Bike,https://www.alibaba.com/product-detail/OEM-Cool-Adults-12-Speed-Mountain_1601238917597.html?s=p,"$499.00-2,485.00"
HOT SALE Mountain Bike 26 Inch Mtb Bicycles Double Disc Brake Suspension Fork 21 SPEEDS Mountain Bike,https://www.alibaba.com/product-detail/HOT-SALE-Mountain-Bike-26-Inch_1601239546522.html,$38.00-40.00
Hot Sale 12 16 20 Inch Kids Bicycle pink Color Kids Bicycle Princess Kids Bike 3-8 Year Old Baby Girls Baby Cycle,https://www.alibaba.com/product-detail/Hot-Sale-12-16-20-Inch_1601241168926.html,$11.90-15.90
Mountainbike 29 Inch Mountain Bike 29er Bicycle 24 Speed High Steel Easy Try Custom Made Aluminum Alloy Bicycle Normal 21 Speed,https://www.alibaba.com/product-detail/Mountainbike-29-Inch-Mountain-Bike-29er_1600302828352.html,$48.00-52.00
SU8 Electric Bicycle for Adults 20 Inch Fat Tire Bike 48v Ebike 1500w Long Range Electric Bike for Adults 7 Speed Electr Bike,https://www.alibaba.com/product-detail/SU8-Electric-Bicycle-for-Adults-20_1601260831640.html,$575.00
Factory Price Mountain Bike 30 Speed Blade-style Hub 24'' 26'' 27.5'' 29'' Full Suspension Mountain Bike,https://www.alibaba.com/product-detail/Factory-Price-Mountain-Bike-30-Speed_1601264924073.html,$36.00-48.60
Factory Supply Full Shocking Proof Frame Roadbikes/trinx 26 Inch 27.5 Inch Mountain Bicycle/21 Speed Cycle for Man Bicycle,https://www.alibaba.com/product-detail/Factory-Supply-Full-Shocking-Proof-Frame_1600448510870.html,$39.00-59.00
KAYRID Factory Custom City Bike 20 24 26 Inch Cycle Steel Frame Bicycle for Adulta Used Bicycles Cheap Adult Bike,https://www.alibaba.com/product-detail/KAYRID-Factory-Custom-City-Bike-20_1600497174848.html,$29.00-49.00
High Quality Cheap Price 21 24 Speed MTB Mountain Road Bike 24/26/27.5/29 Inch Disc Brake Speed Mountain Bike Bicycle,https://www.alibaba.com/product-detail/High-Quality-Cheap-Price-21-24_1601220752284.html,$23.75
20 Inch With Bluetooth Big Tyre Electrical Bicycle Adult Electric Bike,https://www.alibaba.com/product-detail/20-Inch-With-Bluetooth-Big-Tyre_1601246530131.html,$150.00-168.00
EU Stock Direct Delivery CYSUM CITYRUN 26 Inch 250w 10Ah Electric Bike Woman for Girl,https://www.alibaba.com/product-detail/EU-Stock-Direct-Delivery-CYSUM-CITYRUN_1601047937494.html,$295.00-540.00
12 Inch Baby Cycles 18 Inch Kids Bicycle Princess pink Child Bike 8 Years Girls Bicycles 6 to 12 Years,https://www.alibaba.com/product-detail/12-Inch-Baby-Cycles-18-Inch_1601166611370.html,$10.80-12.80
"24/26 Inch Mountain Bike, Sports Bikes for Men Variable Speed , 21/27 Speed Off-road Bike Bicicletas Mountain Bike 29",https://www.alibaba.com/product-detail/24-26-Inch-Mountain-Bike-Sports_1601232159100.html,$66.00-68.00
Free Shipping High Carbon Steel Frame Bysicle Bicycle 26 Inch Bycycle/bycicle/velo Vtt Cycle for Men and Women,https://www.alibaba.com/product-detail/Free-Shipping-High-Carbon-Steel-Frame_1600976588931.html,$29.00-59.00
"26"" Beach Cruiser Steel Female Bicycle / Urban Bikes / Lady City Bikes Beach Bicycle Cruiser",https://www.alibaba.com/product-detail/26-Beach-Cruiser-Steel-Female-Bicycle_60838056347.html,$51.00-89.00
Good Quality 26 / 27.5 / 29 Inch Wheelie BMX Bike with Gear Systems and Disc Brakes,https://www.alibaba.com/product-detail/Good-Quality-26-27-5-29_1600878597744.html,$150.00
FOREVER Comfortable and Classic Bike 26 Inch 700c 16 Speed Road Bike for Adults,https://www.alibaba.com/product-detail/FOREVER-Comfortable-and-Classic-Bike-26_1600247992239.html,$218.00-246.00
Online Shop Wholesale Eco-friendly Factory 26 Folding Mountain Bike 21 Speed Bicycle for Man Women,https://www.alibaba.com/product-detail/Online-Shop-Wholesale-Eco-friendly-Factory_1601082716670.html,$86.00-95.00
Wholesale 500W 750W 1000W 35Ah City Adult Electric Bike 20*4 Fat Tire Electric Mountain Bike Off Road Electric Mountain Bike,https://www.alibaba.com/product-detail/Wholesale-500W-750W-1000W-35Ah-City_1601361416622.html,$114.00-407.00
Beautiful Fixed Gear Bikes Nice Model Color 700C Fixie Bicycle Made in China Best Sell Fixie Roadbike .,https://www.alibaba.com/product-detail/Beautiful-Fixed-Gear-Bikes-Nice-Model_1601228371080.html,$25.00-28.00
2024 Luxury Sedan Xiaomi Su7 Car New Energy Vehicle Long Range 700km 830km 800km Left Hand Drive Electric Car Xiaomi SU7 Pro Max,https://www.alibaba.com/product-detail/2024-Luxury-Sedan-Xiaomi-Su7-Car_1601150031042.html?s=p,"$24,219.00-33,615.00"
Wholesale Bicycles for Adults 26 Inch Adult Bicycle Cheap City BikeBike Beach Cruiser Customized,https://www.alibaba.com/product-detail/Wholesale-Bicycles-for-Adults-26-Inch_1601249381608.html,$38.00-40.50
24 Inch Single Speed Carbon Steel Frame Cheap Bicycle City Bike Urban Bicycle for Women,https://www.alibaba.com/product-detail/24-Inch-Single-Speed-Carbon-Steel_1600438475557.html,$33.26-128.36
Mtb Kids Mountain Bike Children Bicycle Kids Student Racing Children Mountain Bike,https://www.alibaba.com/product-detail/Mtb-Kids-Mountain-Bike-Children-Bicycle_1601221082703.html,$22.14-26.89
Hot Selling 26-Inch Mountain Bicycle China Factory High Carbon Steel Bike Comfortable Variable Speed MTB for Adults Exercise,https://www.alibaba.com/product-detail/Hot-Selling-26-Inch-Mountain-Bicycle_1601296397636.html,$49.08
Hot Sale Large Wheel 29er Alloy Adults Bicycle Men Mountain Bikes 29 Inch Bicicletas,https://www.alibaba.com/product-detail/Hot-Sale-Large-Wheel-29er-Alloy_1600665961987.html,$28.00
20 Inch Freestyle Street Cheap Girls Bmx Bikes All Kinds of Price Bmx Bicycle Cycle for Men 20 Inch Bicicleta Racing Bmx,https://www.alibaba.com/product-detail/20-Inch-Freestyle-Street-Cheap-Girls_1600918087733.html,$38.90
29 Inch Road Bike Promotional Bicycle MTB Mountain Bike for Adults,https://www.alibaba.com/product-detail/29-Inch-Road-Bike-Promotional-Bicycle_1600738530604.html,$58.00-89.00
Manufacturer Supply 26inch 250w Urban Recreational Electric Bicycle 36v Electric Bike Dirt Bike Model,https://www.alibaba.com/product-detail/Manufacturer-Supply-26inch-250w-Urban-Recreational_1601347799143.html,$108.00-298.00
Factory Direct Sales FRIKE E-bike 36V48V Electric Bike Electric Bicycle for Adult 250W350W750W1000W Ebike for Adults,https://www.alibaba.com/product-detail/Factory-Direct-Sales-FRIKE-E-bike_1601288445902.html,$150.00-499.00
Adult Good Quality Big Tire 29 Inch Cycles 100% Hi-Ten Frame Bikes With Good Price,https://www.alibaba.com/product-detail/Adult-Good-Quality-Big-Tire-29_1601298240970.html,$70.00-80.00
Big Power 8000w 12000w 15000w Electric City Bike Cheap Price Enduro Ebike Long Range 120km Electric Bike Electric Bicycle,https://www.alibaba.com/product-detail/Big-Power-8000w-12000w-15000w-Electric_1601159486954.html,"$1,045.00-2,477.00"
OEM Children Bike China Wholesale Princess Girls Pink Bikes 18/20/22 Inch Teenager Folding Bicycle With Backseat,https://www.alibaba.com/product-detail/OEM-Children-Bike-China-Wholesale-Princess_1601116714478.html,$35.40-38.50
Frame Race Bike 700c Professional Road Bike Bicycle 2022 Cheap 21 Speed Aluminum Alloy Steel Adult OEM Environment Friendly Sports Toys,https://www.alibaba.com/product-detail/Frame-Race-Bike-700c-Professional-Road_1600493327434.html,$61.00-65.00
Dual Motor Powerful 20inch Fat Tire Offroad Ebike Hydraulic Oil Brake Adult Electric Bike Fast Electric Bicycle,https://www.alibaba.com/product-detail/Dual-Motor-Powerful-20inch-Fat-Tire_1601150062068.html,$679.00-699.00
New Chinese Factory Wholesale 26'' 27.5'' 29'' Inch Alloy Frame Full Suspension 33 Speed Mountain Bike Bicycle,https://www.alibaba.com/product-detail/New-Chinese-Factory-Wholesale-26-27_1601172511310.html,$150.00
Wholesale 18 20 22 24 Inch Kids Mountain Bike 6 Speed Comfortable Aluminum Alloy Bicycle,https://www.alibaba.com/product-detail/Wholesale-18-20-22-24-Inch_1601039115063.html,$44.00-50.00
New Children's BMX Bicycle 16 18 20 Inch Single Speed OEM BMX Bike Factory Wholesale Price Children's Favorite Bicycle,https://www.alibaba.com/product-detail/New-Children-s-BMX-Bicycle-16_1601250221362.html?selectedCarrierCode=SEMI_MANAGED_STANDARD@@STANDARD,$56.00
Cheap Price 21 Speed 26 27.5 29 Inch Cycling Aluminum Bicicleta De Adult Bicycle Mountain Bike for Man,https://www.alibaba.com/product-detail/Cheap-Price-21-Speed-26-27_1601157789540.html,$55.70-56.70
Leisure Single Sports Outdoor Bicycle Road Solid Tire Mountain Bike for Women,https://www.alibaba.com/product-detail/Leisure-Single-Sports-Outdoor-Bicycle-Road_1601206034506.html?selectedCarrierCode=SEMI_MANAGED_STANDARD@@STANDARD,$165.00
JOYKIE 20 Inch Aluminum Alloy Frame Suspension Children Bicycle Mountain Bikes Sepeda Mtb for Kids,https://www.alibaba.com/product-detail/JOYKIE-20-Inch-Aluminum-Alloy-Frame_1600097932717.html,$45.00-70.00
